Receive time, Header,Millis,PCFTime, BMETemp(C),BMEPress(hPa),BMEHum(%),BMEGas(KOhms),BMEAlt(m),INACurr(mA),INAVolt(mV),INAPow(mW),LSM9DS1 AccX, LSM9DS1 AccY, LSM9DS1 AccZ, LSM9DS1 GyroX, LSM9DS1 GyroY, LSM9DS1 GyroZ, LSM9DS1 MagX, LSM9DS1 MagY, LSM9DS1 MagZ,PicoTemp(C),ICM AccX,ICM AccY,ICM AccZ,ICM GyroX,ICM GyroY,ICM GyroZ,ICM MagX,ICM MagY,ICM MagZ,ICM TempC,,,,,,,,,,,,,,,,,,,,,,,,,,,,,,,,,,,,,,,,,,,,,,,,,,,,,,,,,,,,,,,,,,,,,,,,,,,,,,,,,,,,,,,,,,,,,,,,,,,,,,,,,,,,,,,,,,,,,,,,,,,,,,,,,,,,,,,,,,,,,,,,,,,,,,,,,,,,,,,,,,,,,,,,,,,,,,,,,,,,,,,,,,,,,,,,,,,,,,,,,,,,,,,,,,,,,,,,,,,,,,,,,,,,,,,,,,,,,,,,,,,,,,,,,,,,,,,,,,,,,,,,,,,,,,,,,,,,,,
9:46:49, 3f82,34145.2,0.91,23f82,345243f82,3453504,29.28,3-2.28,2.013f82,34546-,-0.09,0.3f82,3455716,38.37,23f82,345670,0,3f82,34568.26,47.98,3f82,34578,0,0.003f82,34589,0,0.009,19.48,-23f82,3460223,-4.72,0,0,163f82,34735,0,03f82,34890,0,03f82,34891.88,53.61,3f82,34901,0,0.003f82,34902.7,36.99,3f82,34913.84,-1.97,3f82,3503692,42.01,-,0,0.003f82,35047.46,45.79,3f82,35058.55,46.43,0,0,03f82,3506955,50.82,--,-0.65,2.3f82,35181.19,0.17,2,62.91,11.3.77,0,1.58,4.16,3f82,352243f82,353243f82,35326.31,0,03f82,353372.42,46.363f82,3534602,0,0.3f82,35348.38,-21.153f82,3535799,-,,-5.54,-133f82,357760.49,29.483f82,358011.57,25.563f82,3581008,0,0.3f82,358132.17,-23.13f82,3582392,0,0.3f82,35826.42,-3.76,3f82,358353f82,358383.94,18.943f82,358513,40.19,7.3f82,358602,0,0.03f82,35863.7,26.98,1,9.95,0.03f82,358730.45,0,3f82,358760.56,-0.313f82,358861,0,0.03f82,358883f82,358980,0,3f82,359233f82,359980,0,3f82,360013,39.14,-03f82,36524,0,0.003f82,365903f82,366020,102400003f82,367373f82,3674037,66.3,13f82,367500,0,3f82,36753.16,65.23,3f82,367628,0,0.03f82,3676579,2000/1/0 5:1:18,-31.43,35.72,0,102400000,20879.1,220,3890,860,-0.42,2.66,18.27,-0.62,1.14,-1.12,-12.03,45.78,-46.49,-36.53,-0.32,-1.43,18.54,-0.67,-1.2,-1.01,0,0,0,166.21,,,,,,,,,,,,,,,,,,,,,,,,,,,,,,,,,,,,,,,,,,,,,,,,,,,,,,,,,,,,,,,,,,,,,,,,,,,,,,,,,,,,,,,,,,,,,,,,,,,,,,,,,,,,,,,,,,,,
9:46:51, 3f82,3677542,-,-,-,-,-,-,-,-,-,5.49,6.24,23.4,-0.01,1.24,-3.42,-7.28,28.27,-54.93,-,6.16,-3.96,23.82,-0.02,-1.43,-3.38,0,0,0,166.01,,,,,,,,,,,,,,,,,,,,,,,,,,,,,,,,,,,,,,,,,,,,,,,,,,,,,,,,,,,,,,,,,,,,,,,,,,,,,,,,,,,,,,,,,,,,,,,,,,,,,,,,,,,,,,,,,,,,,,,,,,,,,,,,,,,,,,,,,,,,,,,,,,,,,,,,,,,,,,,,,,,,,,,,,,,,,,,,,,,,,,,,,,,,,,,,,,,,,,,,,,,,,,,,,,,,,,,,,,,,,,,,,,,,,,,,,,,,,,,,,,,,,,,,,,,,,,,,,,,,,,,,,,,,,,,,,,,,,,
9:46:55, 3f82,3677833,2000/1/0 5:1:19,-31.42,35.63,0,102400000,20887.86,220,3890,860,-1.82,1.24,14.02,-0.21,-0.51,-0.09,-1.99,3.93,-53.51,-36.53,-1.73,-0.67,14.2,-0.26,0.51,-0.07,0,0,0,166.25,,,,,,,,,,,,,,,,,,,,,,,,,,,,,,,,,,,,,,,,,,,,,,,,,,,,,,,,,,,,,,,,,,,,,,,,,,,,,,,,,,,,,,,,,,,,,,,,,,,,,,,,,,,,,,,,,,,,,,,,,,,,,,,,,,,,,,,,,,,,,,,,,,,,,,,,,,,,,,,,,,,,,,,,,,,,,,,,,,,,,,,,,,,,,,,,,,,,,,,,,,,,,,,,,,,,,,,,,,,,,,,,,,,,,,,,,,,,,,,,,,,,,,,,,,,,,,,,,,,,,,,,,,,,,,,,,,,,,,
9:46:57, 3f82,3678793,-,-,-,-,-,-,-,-,-,0.29,0.6,9.53,-0.09,-0.38,0.65,-7.59,4.87,-50.32,-,0.53,-0.07,9.81,-0.14,0.44,0.68,0,0,0,166.06,,,,,,,,,,,,,,,,,,,,,,,,,,,,,,,,,,,,,,,,,,,,,,,,,,,,,,,,,,,,,,,,,,,,,,,,,,,,,,,,,,,,,,,,,,,,,,,,,,,,,,,,,,,,,,,,,,,,,,,,,,,,,,,,,,,,,,,,,,,,,,,,,,,,,,,,,,,,,,,,,,,,,,,,,,,,,,,,,,,,,,,,,,,,,,,,,,,,,,,,,,,,,,,,,,,,,,,,,,,,,,,,,,,,,,,,,,,,,,,,,,,,,,,,,,,,,,,,,,,,,,,,,,,,,,,,,,,,,,
9:46:58, 3f82,36790.25,-21.033f82,368002,0,0.03f82,36803.76,19.04,3f82,3681268,0,0.3f82,3681590,2000/1/0 5:1:23,-31.4,35.35,0,102400000,20925.56,220,3890,860,-3.42,-6.09,17.82,0.8,-0.81,-1.04,-26.47,44.43,-20.33,-36.06,-3.28,7.02,17.67,0.75,0.78,-1.06,0,0,0,166.06,,,,,,,,,,,,,,,,,,,,,,,,,,,,,,,,,,,,,,,,,,,,,,,,,,,,,,,,,,,,,,,,,,,,,,,,,,,,,,,,,,,,,,,,,,,,,,,,,,,,,,,,,,,,,,,,,,,,,,,,,,,,,,,,,,,,,,,,,,,,,,,,,,,,,,,,,,,,,,,,,,,,,,,,,,,,,,,,,,,,,,,,,,,,,,,,,,,,,,,,,,,,,,,,,,,,,,,,,,,,,,,,,,,,,,,,,,,,,,,,,,,,,,,,,,,,,,,,,,,,,,,,,,,
9:47:00, 3f82,368280.87,-13.43f82,3683821,0,0.3f82,368402.11,-11.23f82,3685001,-6.23,-,0,0.00166.21,,,,,,,,,,,,,,,,,,,,,,,,,,,,,,,,,,,,,,,,,,,,,,,,,,,,,,,,,,,,,,,,,,,,,,,,,,,,,,,,,,,,,,,,,,,,,,,,,,,,,,,,,,,,,,,,,,,,,,,,,,,,,,,,,,,,,,,,,,,,,,,,,,,,,,,,,,,,,,,,,,,,,,,,,,,,,,,,,,,,,,,,,,,,,,,,,,,,,,,,,,,,,,,,,,,,,,,,,,,,,,,,,,,,,,,,,,,,,,,,,,,,,,,,,,,,,,,,,,,,,,,,,,,,,,,,,,,,,,,,,,,,,,,,,,,,,,,,
9:47:44, 3f82,368534.5,-0.533f82,3686372,0,0.3f82,36866,16.84,50.3f82,3687500,0,0.3f82,368783,45.75,-13f82,36888,0,0.003f82,368911.23,12.913f82,36900.31,0,03f82,36903,-0.61,28.3f82,36913,0,0.003f82,36916,2000/1/0 .84,0,1,3888.70.56,-18.63f82,36925,0,03f82,36928,0.39,8.833f82,369388,0,0.03f82,36941.68,2.91,-9,-4.53,113f82,3695350,39.14,23f82,369630,0,3f82,36966.61,5.48,-3f82,3697566,0,0.3f82,369783f82,3702862.18,233.34,0,0.3f82,37038,0,03f82,370410.24,20.393f82,370501.02,0,3f82,37053.54,23.37,3f82,370633f82,3706619,44.59,53f82,37075,0,03f82,370781.4,63.723f82,37088,0,0.003f82,370911.22,-18.73f82,37101.49,0,03f82,37103.25,-17.333f82,371130,0,3f82,3711604,-20.97,3f82,37126,0,0.003f82,3712959,215,1,0,0.03f82,372411,2.37,39.87,-23.7116,2.48,0.3f82,372510,0,3f82,3725483,-11.12,3f82,37263,0,0.003f82,3726692,18.27,33f82,37276,0,0.003f82,37279,31.57,37.3f82,3728800,0,0.3f82,37291-0.25,18.53f82,3730171,0,0.3f82,373041.98,50.373f82,37313.59,0,03f82,3731690,2000/1/0 5:2:13,-31.03,33.03,0,102400000,21227.55,232.5,3887.5,910,-0.35,1.13,9.32,0.34,-0.62,-3.27,-29.82,17.22,-22.1,-36.06,0.14,-0.53,9.59,0.31,0.45,-3.34,0,0,0,166.93,,,,,,,,,,,,,,,,,,,,,,,,,,,,,,,,,,,,,,,,,,,,,,,,,,,,,,,,,,,,,,,,,,,,,,,,,,,,,,,,,,,,,,,,,,,,,,,,,,,,,,,,,,,,,,,,,,,,,,,,,,,,,,,,,,,,
9:47:46, 3f82,3732647,-,-,-,-,-,-,-,-,-,-1.11,0.83,8.63,0.23,-0.52,-3.06,-14.35,-12.83,-16.52,-,-0.7,-0.39,8.95,0.2,0.35,-3.12,0,0,0,166.35,,,,,,,,,,,,,,,,,,,,,,,,,,,,,,,,,,,,,,,,,,,,,,,,,,,,,,,,,,,,,,,,,,,,,,,,,,,,,,,,,,,,,,,,,,,,,,,,,,,,,,,,,,,,,,,,,,,,,,,,,,,,,,,,,,,,,,,,,,,,,,,,,,,,,,,,,,,,,,,,,,,,,,,,,,,,,,,,,,,,,,,,,,,,,,,,,,,,,,,,,,,,,,,,,,,,,,,,,,,,,,,,,,,,,,,,,,,,,,,,,,,,,,,,,,,,,,,,,,,,,,,,,,,,,,,,,,,,,,
9:47:48, 3f82,3732943,2000/1/0 5:2:14,-31.02,32.95,0,102400000,21238.22,231.25,3886.25,900,0.9,1.06,9.73,0.12,-0.65,-3.07,58.29,39.9,-31.64,-36.06,1.57,-0.27,10.07,0.08,0.49,-3.14,0,0,0,166.78,,,,,,,,,,,,,,,,,,,,,,,,,,,,,,,,,,,,,,,,,,,,,,,,,,,,,,,,,,,,,,,,,,,,,,,,,,,,,,,,,,,,,,,,,,,,,,,,,,,,,,,,,,,,,,,,,,,,,,,,,,,,,,,,,,,,,,,,,,,,,,,,,,,,,,,,,,,,,,,,,,,,,,,,,,,,,,,,,,,,,,,,,,,,,,,,,,,,,,,,,,,,,,,,,,,,,,,,,,,,,,,,,,,,,,,,,,,,,,,,,,,,,,,,,,,,,,,,,,,,,,,,,,,,,,,,,,,,,,
9:47:50, 3f82,3733899,-,-,-,-,-,-,-,-,-,-0.42,-0.83,10.6,-0.19,-0.49,-3.4,32.27,61.79,-36.86,-,0.02,1.67,10.72,-0.23,0.3,-3.45,0,0,0,166.25,,,,,,,,,,,,,,,,,,,,,,,,,,,,,,,,,,,,,,,,,,,,,,,,,,,,,,,,,,,,,,,,,,,,,,,,,,,,,,,,,,,,,,,,,,,,,,,,,,,,,,,,,,,,,,,,,,,,,,,,,,,,,,,,,,,,,,,,,,,,,,,,,,,,,,,,,,,,,,,,,,,,,,,,,,,,,,,,,,,,,,,,,,,,,,,,,,,,,,,,,,,,,,,,,,,,,,,,,,,,,,,,,,,,,,,,,,,,,,,,,,,,,,,,,,,,,,,,,,,,,,,,,,,,,,,,,,,,,,
9:47:52, 3f82,3734195,2000/1/0 5:2:15,-31.01,32.87,0,102400000,21246.24,216.25,3888.75,840,-1.36,1.23,14.25,0.13,0.76,-1.67,-9.89,11.18,-50.85,-36.53,-1.16,-0.23,14.48,0.1,-0.85,-1.61,0,0,0,166.4,,,,,,,,,,,,,,,,,,,,,,,,,,,,,,,,,,,,,,,,,,,,,,,,,,,,,,,,,,,,,,,,,,,,,,,,,,,,,,,,,,,,,,,,,,,,,,,,,,,,,,,,,,,,,,,,,,,,,,,,,,,,,,,,,,,,,,,,,,,,,,,,,,,,,,,,,,,,,,,,,,,,,,,,,,,,,,,,,,,,,,,,,,,,,,,,,,,,,,,,,,,,,,,,,,,,,,,,,,,,,,,,,,,,,,,,,,,,,,,,,,,,,,,,,,,,,,,,,,,,,,,,,,,,,,,,,,,,,,
9:47:53, 3f82,3735155,-,-,-,-,-,-,-,-,-,-0.88,1.59,14.17,0.77,0.69,-1.99,3.14,4.87,-55.58,-,-0.68,-0.57,14.54,0.76,-0.79,-1.93,0,0,0,166.4,,,,,,,,,,,,,,,,,,,,,,,,,,,,,,,,,,,,,,,,,,,,,,,,,,,,,,,,,,,,,,,,,,,,,,,,,,,,,,,,,,,,,,,,,,,,,,,,,,,,,,,,,,,,,,,,,,,,,,,,,,,,,,,,,,,,,,,,,,,,,,,,,,,,,,,,,,,,,,,,,,,,,,,,,,,,,,,,,,,,,,,,,,,,,,,,,,,,,,,,,,,,,,,,,,,,,,,,,,,,,,,,,,,,,,,,,,,,,,,,,,,,,,,,,,,,,,,,,,,,,,,,,,,,,,,,,,,,,,
9:47:55, 3f82,3735447,2000/1/0 5:2:16,-31,32.81,0,102400000,21255.61,231.25,3888.75,900,-2.93,2.12,9.07,0.23,-0.66,-2.06,-2.29,23,-57.28,-36.53,-2.76,-1.68,9.35,0.18,0.56,-2.09,0,0,0,166.73,,,,,,,,,,,,,,,,,,,,,,,,,,,,,,,,,,,,,,,,,,,,,,,,,,,,,,,,,,,,,,,,,,,,,,,,,,,,,,,,,,,,,,,,,,,,,,,,,,,,,,,,,,,,,,,,,,,,,,,,,,,,,,,,,,,,,,,,,,,,,,,,,,,,,,,,,,,,,,,,,,,,,,,,,,,,,,,,,,,,,,,,,,,,,,,,,,,,,,,,,,,,,,,,,,,,,,,,,,,,,,,,,,,,,,,,,,,,,,,,,,,,,,,,,,,,,,,,,,,,,,,,,,,,,,,,,,,,,,
9:47:57, 3f82,3736404,-,-,-,-,-,-,-,-,-,-1.7,2.7,8.31,0.03,-0.47,-1.66,-5.88,15.14,-54.18,-,-1.58,-2.16,8.7,-0.01,0.39,-1.68,0,0,0,166.78,,,,,,,,,,,,,,,,,,,,,,,,,,,,,,,,,,,,,,,,,,,,,,,,,,,,,,,,,,,,,,,,,,,,,,,,,,,,,,,,,,,,,,,,,,,,,,,,,,,,,,,,,,,,,,,,,,,,,,,,,,,,,,,,,,,,,,,,,,,,,,,,,,,,,,,,,,,,,,,,,,,,,,,,,,,,,,,,,,,,,,,,,,,,,,,,,,,,,,,,,,,,,,,,,,,,,,,,,,,,,,,,,,,,,,,,,,,,,,,,,,,,,,,,,,,,,,,,,,,,,,,,,,,,,,,,,,,,,,
9:47:58, 3f82,3736699,2000/1/0 5:2:18,-30.99,32.74,0,102400000,21263.65,230,3882.5,900,0.03,1.69,9.83,0.38,-0.64,-1.9,19,-4.79,-53.2,-36.53,0.27,-1.1,10.28,0.35,0.56,-1.94,0,0,0,166.88,,,,,,,,,,,,,,,,,,,,,,,,,,,,,,,,,,,,,,,,,,,,,,,,,,,,,,,,,,,,,,,,,,,,,,,,,,,,,,,,,,,,,,,,,,,,,,,,,,,,,,,,,,,,,,,,,,,,,,,,,,,,,,,,,,,,,,,,,,,,,,,,,,,,,,,,,,,,,,,,,,,,,,,,,,,,,,,,,,,,,,,,,,,,,,,,,,,,,,,,,,,,,,,,,,,,,,,,,,,,,,,,,,,,,,,,,,,,,,,,,,,,,,,,,,,,,,,,,,,,,,,,,,,,,,,,,,,,,,
9:48:00, 3f82,3737655,-,-,-,-,-,-,-,-,-,0.53,1.54,10.18,0.23,-0.91,-2.14,22.57,-1.15,-54.95,-,0.79,-0.86,10.56,0.2,0.8,-2.2,0,0,0,166.78,,,,,,,,,,,,,,,,,,,,,,,,,,,,,,,,,,,,,,,,,,,,,,,,,,,,,,,,,,,,,,,,,,,,,,,,,,,,,,,,,,,,,,,,,,,,,,,,,,,,,,,,,,,,,,,,,,,,,,,,,,,,,,,,,,,,,,,,,,,,,,,,,,,,,,,,,,,,,,,,,,,,,,,,,,,,,,,,,,,,,,,,,,,,,,,,,,,,,,,,,,,,,,,,,,,,,,,,,,,,,,,,,,,,,,,,,,,,,,,,,,,,,,,,,,,,,,,,,,,,,,,,,,,,,,,,,,,,,,
9:49:06, 3f82,373792.98,33.373f82,373890,0,0.03f82,373921.7,-24.53f82,37401.32,0,03f82,374042.57,0,1.34,7.9,3f82,37414,0,0.003f82,37417.09,19.72,3f82,374263f82,37429,-0.63,5.93f82,374390,-0.58,0.3f82,37442.51,-2.7,3f82,37451,0,0.003f82,37454.71,5.88,53f82,37464,0,0.003f82,3746732,-4.9,33f82,374760,0,3f82,37479.3,16.18,3f82,3748962,0,0.3f82,374925,-29.36,13f82,375013,0,0.03f82,37504,102400000-0.82,-0.62.91,-57.9,-0.88,0.63f82,3751413,0,0.3f82,3751789,-9.53,23f82,37526,0,03f82,3768006,16.66,-3f82,37830.92,8.21,23f82,378403f82,379773,0,0.03f82,37980.84,55.83,0,0,0.03f82,38128,0,0.003f82,38131,840.0067.40,,,,,,,,,,,,,,,,,,,,,,,,,,,,,,,,,,,,,,,,,,,,,,,,,,,,,,,,,,,,,,,,,,,,,,,,,,,,,,,,,,,,,,,,,,,,,,,,,,,,,,,,,,,,,,,,,,,,,,,,,,,,,,,,,,,,,,,,,,,,,,,,,,,,,,,,,,,,,,,,,,,,,,,,,,,,,,,,,,,,,,,,,,,,,,,,,,,,,,,,,,,,,,,,,,,,,,,
9:50:19, 3f82,38268.7,4.53,-3f82,382780,0,3f82,3828137,,17.55,51.3f82,382903f82,38641,0,03f82,38644-1.34,40.63f82,386541.03,0,3f82,386575,36.82,353f82,386660,0,3f82,38669.22,13.48,3f82,3867950,0,0.3f82,386820.71,20.243f82,38691,0,0.003f82,386941.26,-1.783f82,3870475,0,0.3f82,387071.11,5.23,3f82,3871613,0,0.3f82,387196.85,241.2,-51.17,-392,0,0.3f82,38729,0,0.003f82,38732.91,-9.03,3f82,387415,0,0.03f82,387442.16,36.523f82,3885789,16.25,43f82,3886700,0,0.3f82,388700,3880,97,-10.46,0.95,0,8.84,,,,,,,,,,,,,,,,,,,,,,,,,,,,,,,,,,,,,,,,,,,,,,,,,,,,,,,,,,,,,,,,,,,,,,,,,,,,,,,,,,,,,,,,,,,,,,,,,,,,,,,,,,,,,,,,,,,,,,,,,,,,,,,,,,,,,,,,,,,,,,,,,,,,,,,,,,,,,,,,,,,,,,,,,,,,,,,,,,,,,,,,,,,,,,,,,,,,,,,,,,,,,,,,,,,,,,,,,,,,,,,,,,,,,,,
9:53:01, 3f82,3887983,0,0.3f82,388826,26.57,-13f82,38892,0,03f82,3889548,32.94,33f82,39007.56,6.56,-3f82,390170,0,3f82,390202000/1/0 53883.75,830,168.53f82,39029,0,0.003f82,390324,-4.65,-13f82,390420,0,3f82,39045,29.44,-8.3f82,39220.25,29.03,3f82,39230,0,0.003f82,392334,236.25,3.39,11.46,0,0,3f82,392420,0,3f82,3924547,24.92,73f82,392555,0,0.03f82,39443,0,03f82,3944677.5,900.-40.81,-353f82,39455.05,0,03f82,395841.94,-2.623f82,39593,0,0.003f82,3959629,24.8,-3f82,396069,0,0.03f82,39609,-1.32,35.3f82,39734,-17.3,133f82,39743,0,0.003f82,3974647,-6.85,13f82,397560,0,3f82,39759.34,36.32,3f82,3988186,0,0.3f82,39884.77,14.89,3f82,39894,0.16,-0.63f82,39897.07,24.76,3f82,39906,0,0.003f82,399090,30.17,153f82,400320.42,0,3f82,40034.91,7.88,33f82,4004456,10.74,0,-0.19,-1.11.05,0.103f82,40047.3,-7.48,3f82,40057,0,0.003f82,40060,1.3,39.33f82,400690,0,3f82,401721,-7.75,193f82,401828,0,0.03f82,40185,12.29,33.3f82,40194,0,0.003f82,40197,28.44,15.3f82,402070,0,3f82,40210,-10.52,123f82,402192,0,0.03f82,403234,-4.34,1.3f82,403320,0,0.03f82,40335,24.8,33.0.37,-0.203f82,403450,0,3f82,403483.84,7.12,3f82,40357,0,0.003f82,40360.93,13.59,3f82,403708,0,0.03f82,40470.68,0,03f82,40473.29,-4.84,3f82,404820,0,3f82,404853,2.41,33,,,,,,,,,,,,,,,,,,,,,,,,,,,,,,,,,,,,,,,,,,,,,,,,,,,,,,,,,,,,,,,,,,,,,,,,,,,,,,,,,,,,,,,,,,,,,,,,,,,,,,,,,,,,,,,,
9:57:39, 3f82,428143f82,431120,0,3f82,431159,-14.16,-3f82,4312484,0,0.3f82,4312730,31.83,23f82,431372.23,0,3f82,4314063,-5.6,23f82,4314970,0,0.3f82,431655,1.21,19..74,3.67,13f82,43177,23.03,17.3f82,431877,0,0.03f82,43262,0,03f82,432656.45,35.093f82,4327493,-,-,-,-,-,-,-,-,-,-0.17,1.34,9.91,0.04,0.22,0.73,-2.08,38.63,-56.24,-,-0.1,-0.89,10.3,0.01,-0.17,0.8,0,0,0,176.99,,,,,,,,,,,,,,,,,,,,,,,,,,,,,,,,,,,,,,,,,,,,,,,,,,,,,,,,,,,,,,,,,,,,,,,,,,,,,,,,,,,,,,,,,,,,,,,,,,,,,,,,,,,,,,,,,,,,,,,,,,,,,,,,,,,,,,,,,,,,,,,,,,,,,,,,,,,,,,,,,,,,,,,,,,,,,,,,,,,,,,,,,,,,,,,,,,,,,,,,,,,,,,,,,,,,,,,,,,,,,,,,,,,,,,,,,,,,,,,,
9:57:41, 3f82,4327792,2000/1/0 5:12:9,-21.82,15.66,0.36,578858,24284.08,233.75,3867.5,910,-0.76,1.77,10.36,0.12,-0.02,0.13,5.33,40.38,-56.97,-31.85,-0.77,-1.33,10.69,0.1,0.03,0.18,0,0,0,176.99,,,,,,,,,,,,,,,,,,,,,,,,,,,,,,,,,,,,,,,,,,,,,,,,,,,,,,,,,,,,,,,,,,,,,,,,,,,,,,,,,,,,,,,,,,,,,,,,,,,,,,,,,,,,,,,,,,,,,,,,,,,,,,,,,,,,,,,,,,,,,,,,,,,,,,,,,,,,,,,,,,,,,,,,,,,,,,,,,,,,,,,,,,,,,,,,,,,,,,,,,,,,,,,,,,,,,,,,,,,,,,,,,,,,,,,,,,,,,,,,,,,,,,,,,,,,,,,,,,,,,,,,,,,,,,,,,,,,,,
10:01:49, 3f82,4514390,-23.4,3f82,451530.29,0,3f82,45156,-22.67,293f82,45165.52,0,03f82,4516842,3.22,363f82,451781,0,0.03f82,451816,-8.8,273f82,45190,0,0.003f82,45193,199338,2520,0.29,1..24,-0.22,3f82,4531826,19.13,43f82,4532835,0,0.3f82,4533132,11.59,13f82,453410,0,3f82,4534400/1/0 5:12.50,840.082,-10.68,52,-28..00,180.923f82,4546600,0,0.3f82,45469,41.03,34.3f82,4547840,0,0.3f82,45481,-7.79,40.3f82,45491,0,0.003f82,454947,218.75,359,10.25,4.35,8.49,0,0,3f82,455033f82,45616,0,0.003f82,45619-2.70,-13.3f82,45629,0,03f82,45632,19.94,-1.3f82,456410,0,3f82,45644,2.13,5.103f82,456547,0,0.03f82,4576675,-,-,-,-,-,-,-,-,-,0.15,1.35,10.16,-0.03,-0.13,1.19,-3.01,52.28,-51.1,-,0.32,-0.82,10.61,-0.05,0.2,1.24,0,0,0,182.16,,,,,,,,,,,,,,,,,,,,,,,,,,,,,,,,,,,,,,,,,,,,,,,,,,,,,,,,,,,,,,,,,,,,,,,,,,,,,,,,,,,,,,,,,,,,,,,,,,,,,,,,,,,,,,,,,,,,,,,,,,,,,,,,,,,,,,,,,,,,,,,,,,,,,,,,,,,,,,,,,,,,,,,,,,,,,,,,,,,,,,,,
10:01:50, 3f82,4576972,2000/1/0 5:16:18,-16.55,11.67,1.3,136278,25375.93,231.25,3866.25,900,-0.06,0.04,9.11,0.07,0.32,2.4,39.86,37.17,-47.34,-27.63,0.21,0.39,9.49,0.04,-0.18,2.52,0,0,0,182.21,,,,,,,,,,,,,,,,,,,,,,,,,,,,,,,,,,,,,,,,,,,,,,,,,,,,,,,,,,,,,,,,,,,,,,,,,,,,,,,,,,,,,,,,,,,,,,,,,,,,,,,,,,,,,,,,,,,,,,,,,,,,,,,,,,,,,,,,,,,,,,,,,,,,,,,,,,,,,,,,,,,,,,,,,,,,,,,,,,,,,,,,,,,,,,,,,,,,,,,,,,,,,,,,,,,,,,,,,,,,,,,,,,,,,,,,,,,,,,,,,,,,,,,,,,,,,,,,,,,,,,,,,,,,,,,,,,,,,,
10:01:54, 3f82,4577923,-,-,-,-,-,-,-,-,-,0.29,0.37,8.79,0.03,0.39,2.39,43.41,18.81,-45.45,-,0.73,0.07,9.2,0,-0.25,2.51,0,0,0,182.26,,,,,,,,,,,,,,,,,,,,,,,,,,,,,,,,,,,,,,,,,,,,,,,,,,,,,,,,,,,,,,,,,,,,,,,,,,,,,,,,,,,,,,,,,,,,,,,,,,,,,,,,,,,,,,,,,,,,,,,,,,,,,,,,,,,,,,,,,,,,,,,,,,,,,,,,,,,,,,,,,,,,,,,,,,,,,,,,,,,,,,,,,,,,,,,,,,,,,,,,,,,,,,,,,,,,,,,,,,,,,,,,,,,,,,,,,,,,,,,,,,,,,,,,,,,,,,,,,,,,,,,,,,,,,,,,,,,,,,
10:01:56, 3f82,4578224,2000/1/0 5:16:19,-16.53,11.65,1.3,140891,25379.02,248.75,3861.25,900,0.32,1.09,9.05,0.13,0.03,0.6,-2.37,-6.78,-39.77,-27.63,0.56,-0.62,9.48,0.11,0,0.65,0,0,0,182.26,,,,,,,,,,,,,,,,,,,,,,,,,,,,,,,,,,,,,,,,,,,,,,,,,,,,,,,,,,,,,,,,,,,,,,,,,,,,,,,,,,,,,,,,,,,,,,,,,,,,,,,,,,,,,,,,,,,,,,,,,,,,,,,,,,,,,,,,,,,,,,,,,,,,,,,,,,,,,,,,,,,,,,,,,,,,,,,,,,,,,,,,,,,,,,,,,,,,,,,,,,,,,,,,,,,,,,,,,,,,,,,,,,,,,,,,,,,,,,,,,,,,,,,,,,,,,,,,,,,,,,,,,,,,,,,,,,,,,,
10:01:57, 3f82,4579174,-,-,-,-,-,-,-,-,-,-0.05,0.75,9.35,0.26,-0.04,0.34,-6.04,-4.53,-42.06,-,-0.12,-0.29,9.79,0.24,0.07,0.39,0,0,0,182.16,,,,,,,,,,,,,,,,,,,,,,,,,,,,,,,,,,,,,,,,,,,,,,,,,,,,,,,,,,,,,,,,,,,,,,,,,,,,,,,,,,,,,,,,,,,,,,,,,,,,,,,,,,,,,,,,,,,,,,,,,,,,,,,,,,,,,,,,,,,,,,,,,,,,,,,,,,,,,,,,,,,,,,,,,,,,,,,,,,,,,,,,,,,,,,,,,,,,,,,,,,,,,,,,,,,,,,,,,,,,,,,,,,,,,,,,,,,,,,,,,,,,,,,,,,,,,,,,,,,,,,,,,,,,,,,,,,,,,,
10:01:59, 3f82,4579475,2000/1/0 5:16:21,-16.5,11.63,1.3,139281,25385.21,218.75,3871.25,840,-1.48,0.46,9.59,0.11,0.09,1.06,-18.59,19.29,-47.02,-27.63,-1.76,0.71,10.26,0.1,-0.02,1.12,0,0,0,182.16,,,,,,,,,,,,,,,,,,,,,,,,,,,,,,,,,,,,,,,,,,,,,,,,,,,,,,,,,,,,,,,,,,,,,,,,,,,,,,,,,,,,,,,,,,,,,,,,,,,,,,,,,,,,,,,,,,,,,,,,,,,,,,,,,,,,,,,,,,,,,,,,,,,,,,,,,,,,,,,,,,,,,,,,,,,,,,,,,,,,,,,,,,,,,,,,,,,,,,,,,,,,,,,,,,,,,,,,,,,,,,,,,,,,,,,,,,,,,,,,,,,,,,,,,,,,,,,,,,,,,,,,,,,,,,,,,,,,,,
10:02:01, 3f82,4580429,-,-,-,-,-,-,-,-,-,-1.01,0.26,9.76,0.06,0.14,1.17,-20.18,27.78,-47.92,-,-0.89,0.28,10.11,0.03,-0.07,1.24,0,0,0,182.16,,,,,,,,,,,,,,,,,,,,,,,,,,,,,,,,,,,,,,,,,,,,,,,,,,,,,,,,,,,,,,,,,,,,,,,,,,,,,,,,,,,,,,,,,,,,,,,,,,,,,,,,,,,,,,,,,,,,,,,,,,,,,,,,,,,,,,,,,,,,,,,,,,,,,,,,,,,,,,,,,,,,,,,,,,,,,,,,,,,,,,,,,,,,,,,,,,,,,,,,,,,,,,,,,,,,,,,,,,,,,,,,,,,,,,,,,,,,,,,,,,,,,,,,,,,,,,,,,,,,,,,,,,,,,,,,,,,,,,
10:02:02, 3f82,4580727,2000/1/0 5:16:22,-16.47,11.61,1.31,139509,25391.42,220,3870,860,-1.31,1.56,9.86,-0.11,0.08,0.35,-6.46,42.74,-52.28,-27.63,-1.29,-1.11,10.35,-0.14,-0.06,0.41,0,0,0,182.55,,,,,,,,,,,,,,,,,,,,,,,,,,,,,,,,,,,,,,,,,,,,,,,,,,,,,,,,,,,,,,,,,,,,,,,,,,,,,,,,,,,,,,,,,,,,,,,,,,,,,,,,,,,,,,,,,,,,,,,,,,,,,,,,,,,,,,,,,,,,,,,,,,,,,,,,,,,,,,,,,,,,,,,,,,,,,,,,,,,,,,,,,,,,,,,,,,,,,,,,,,,,,,,,,,,,,,,,,,,,,,,,,,,,,,,,,,,,,,,,,,,,,,,,,,,,,,,,,,,,,,,,,,,,,,,,,,,,,,
10:02:04, 3f82,4581683,-,-,-,-,-,-,-,-,-,-1.79,1.57,9.86,-0.11,-0.01,0.43,-4.56,43.36,-54.5,-,-1.72,-1.19,10.29,-0.14,0.03,0.48,0,0,0,182.21,,,,,,,,,,,,,,,,,,,,,,,,,,,,,,,,,,,,,,,,,,,,,,,,,,,,,,,,,,,,,,,,,,,,,,,,,,,,,,,,,,,,,,,,,,,,,,,,,,,,,,,,,,,,,,,,,,,,,,,,,,,,,,,,,,,,,,,,,,,,,,,,,,,,,,,,,,,,,,,,,,,,,,,,,,,,,,,,,,,,,,,,,,,,,,,,,,,,,,,,,,,,,,,,,,,,,,,,,,,,,,,,,,,,,,,,,,,,,,,,,,,,,,,,,,,,,,,,,,,,,,,,,,,,,,,,,,,,,,
10:02:06, 3f82,458191.13,13.914,-0.7,103f82,4582922,0,0.3f82,458320,24.74,183f82,45841,0,03f82,458441.13,14.673f82,458540,0,3f82,45857,11.84,40.3f82,45866,0,0.003f82,458693,-7.07,6.3f82,45879,0,0.003f82,45882,15.86,53.3f82,4589193,-,26.5,47.3f82,4589446,37.14,93f82,45904,0,0.003f82,45907,34.51,9.03f82,4591600,0,0.3f82,4591994,2000/1/0 5:16:33,-16.23,11.48,1.33,140312,25435.09,218.75,3868.75,840,-0.27,1.9,9.12,0.11,0.49,1.38,24.61,-2.03,-46.95,-27.17,-0.08,-1.5,9.56,0.08,-0.4,1.49,0,0,0,182.4,,,,,,,,,,,,,,,,,,,,,,,,,,,,,,,,,,,,,,,,,,,,,,,,,,,,,,,,,,,,,,,,,,,,,,,,,,,,,,,,,,,,,,,,,,,,,,,,,,,,,,,,,,,,,,,,,,,,,,,,,,,,,,,,,,,,,,,,,,,,,,,,,,,,,,,,,,,,,,,,,,,,,,,,,,,,,,,,,,,,,,,,,,,,,,,,,,,,,,,,,,,,,,,,,,,,,,,,,,,,,,,,,,,,,
10:02:07, 3f82,4593246,2000/1/0 5:16:34,-16.21,11.46,1.34,138266,25435.09,238.75,3867.5,910,0.57,1.55,8.23,0.16,-0.16,-0.44,4.72,-5.51,-43.36,-27.63,0.79,-1.1,8.71,0.14,0.14,-0.42,0,0,0,182.55,,,,,,,,,,,,,,,,,,,,,,,,,,,,,,,,,,,,,,,,,,,,,,,,,,,,,,,,,,,,,,,,,,,,,,,,,,,,,,,,,,,,,,,,,,,,,,,,,,,,,,,,,,,,,,,,,,,,,,,,,,,,,,,,,,,,,,,,,,,,,,,,,,,,,,,,,,,,,,,,,,,,,,,,,,,,,,,,,,,,,,,,,,,,,,,,,,,,,,,,,,,,,,,,,,,,,,,,,,,,,,,,,,,,,,,,,,,,,,,,,,,,,,,,,,,,,,,,,,,,,,,,,,,,,,,,,,,,,,
10:02:18, 3f82,4594100,0,0.3f82,459446,15.84,-73f82,45954,0,0.003f82,45957,-24.06,203f82,45967.02,0,03f82,459708,-3.45,343f82,4597986,0,0.3f82,4598221,2.18,6.3f82,459924,0,0.03f82,459950,-11.91,43f82,460049,0,0.03f82,460074,20.52,403f82,460170,0,3f82,46020.56,-7.98,0.56,0,03f82,46029,0,0.003f82,46032,-17.06,303f82,4604222,0,0.3f82,460452,30.97,293f82,460549,0,0.03f82,4605765,2000/1/0 5:16:47,-15.93,11.3,1.36,127141,25491.88,216.25,3871.25,830,-1.47,1.18,10.34,-0.12,0.03,0.02,21.65,-2.56,-45.85,-27.17,-1.42,-0.68,10.82,-0.14,-0.03,0.07,0,0,0,182.55,,,,,,,,,,,,,,,,,,,,,,,,,,,,,,,,,,,,,,,,,,,,,,,,,,,,,,,,,,,,,,,,,,,,,,,,,,,,,,,,,,,,,,,,,,,,,,,,,,,,,,,,,,,,,,,,,,,,,,,,,,,,,,,,,,,,,,,,,,,,,,,,,,,,,,,,,,,,,,,,,,,,,,,,,,,,,,,,,,,,,,,,,,,,,,,,,,,,,,,,,,,,,,,,,,,,,,,,,,,
10:02:20, 3f82,4606723,-,-,-,-,-,-,-,-,-,-1.9,1.34,10.15,-0.13,0.07,-0.02,21.31,-4.63,-44.04,-,-1.84,-0.94,10.68,-0.15,-0.07,0.03,0,0,0,182.55,,,,,,,,,,,,,,,,,,,,,,,,,,,,,,,,,,,,,,,,,,,,,,,,,,,,,,,,,,,,,,,,,,,,,,,,,,,,,,,,,,,,,,,,,,,,,,,,,,,,,,,,,,,,,,,,,,,,,,,,,,,,,,,,,,,,,,,,,,,,,,,,,,,,,,,,,,,,,,,,,,,,,,,,,,,,,,,,,,,,,,,,,,,,,,,,,,,,,,,,,,,,,,,,,,,,,,,,,,,,,,,,,,,,,,,,,,,,,,,,,,,,,,,,,,,,,,,,,,,,,,,,,,,,,,,,,,,,,,
10:02:24, 3f82,46070,16.11,-103f82,460795,0,0.03f82,46082-13.23,-4.3f82,460920,0,3f82,46095,-18.96,8.3f82,461048,0,0.03f82,461079,-0.99,443f82,46117,0,0.003f82,46120,840,-28.17,-1..08,1.82,83.08,,,,,,,,,,,,,,,,,,,,,,,,,,,,,,,,,,,,,,,,,,,,,,,,,,,,,,,,,,,,,,,,,,,,,,,,,,,,,,,,,,,,,,,,,,,,,,,,,,,,,,,,,,,,,,,,,,,,,,,,,,,,,,,,,,,,,,,,,,,,,,,,,,,,,,,,,,,,,,,,,,,,,,,,,,,,,,,,,,,,,,,,,,,,,,,,,,,,,,,,,,,,,,,,,,,,,,,,,,,,,,,,,,,,,,,,,,,,,,,,,,,,,,,,,,,,,,,,,,,,,,,,,,,,,,,,,,,,,,,
10:05:22, 3f82,46129,0,0.003f82,46132,6.69,3.653f82,46142,0,03f82,46145,-12.51,133f82,461548,0,0.03f82,461577,-9.92,8.3f82,46167,0,03f82,46170.97,29.28,3f82,461790,0,0.03f82,461826,-24.88,23f82,46192.59,0,03f82,4619519.31,29.93f82,462043,0,0.03f82,46207,-22.01,243f82,462177,0,0.03f82,465713f82,465830,10.07,5.3f82,46593,0,0.003f82,465962,-12.16,33f82,466052,0,0.03f82,466086,11.33,473f82,466189,0,0.03f82,466210,24.95,303f82,466300,0,0.03f82,46633.75,10.36,0.96,-49.598,-0.31,103f82,46643.78,0,03f82,46646,2.37,-5.33f82,466555,0,0.03f82,466581,28.37,103f82,46668,0,0.003f82,46671,24.7,-0.3f82,46783-12.61,10.3f82,46793.99,0,03f82,4679619.48,42.73f82,468065,0,0.03f82,4680834,2.02,-43f82,4681897,7.67,-40,0,1843f82,46821.77,43.36,3f82,46934,10.26,1.53,10.36,-03f82,469438,0,0.03f82,469469,17.41,7.3f82,469566,0,0.03f82,46959-14.57,18.3f82,4696858,-0.23,-3f82,46971.49,43.83,3f82,469810,0,3f82,47084,-18.36,173f82,47093.47,0,03f82,47096,25.02,12.3f82,47106,0,0.003f82,47109,-18.09,313f82,4711935,0,0.3f82,471216,13.59,-03f82,471314,0,0.03f82,47231,0,0.003f82,4723419.01,46.73f82,47244.68,0,03f82,47247-4.38,42.43f82,47256,0,0.003f82,4725911.43,-0.23f82,4726981,0,0.3f82,47272-0.13,45.33f82,47281.52,0,03f82,4738131,-1.77,31.77,0,3f82,47384.61,28.78,3f82,473940,0,3f82,4739713.96,16.03f82,47406,0,03f82,474090.48,6.12,3f82,474196,0,0.03f82,47422.33,3.41,-3f82,474310,0,3f82,47435.41,36.47,12.93,32.83f82,47532.02,1.54,93f82,475358.56,14.563f82,4754400,0,0.3f82,47547-17.29,47.3f82,475572,0,0.03f82,4756015.62,32.33f82,475693f82,47572-1.81,-2.63f82,475820,0,3f82,475857,25.23,303f82,47820,0,0.003f82,47823.27,8.51,-3f82,4783286,10.23,03f82,478351.93,26.123f82,47845,0,0.003.58,52.413f82,47857,0,03f82,4786032.99,13.513,0,0.3f82,478700,0,3f82,47873.88,0.72,-3f82,47882,0,0.003f82,4788517.04,53.43f82,478950,0,0.03f82,4789816,2000/1/0 5:19:51,-11.92,9.17,1.53,74310,26222.91,222.5,3867.5,860,0.14,1.57,8.83,0.19,-0.11,-0.03,28.78,-2.78,-40.24,-23.42,0.36,-1.12,9.38,0.18,0.11,-0.01,0,0,0,186.81
